交易金额(元),操作员账号,实付金额(元),优惠金额(元),状态,实收金额(元),
811,"01L14001	",810.86,0.14,"交易	",811,
100,"01L24001	",99.85,0.15,"交易	",100,
199.5,"01L24001	",139.5,60,"交易	",149.5,
180,"01L12501	",180,0,"交易	",180,
399,"01L21601	",398.87,0.13,"交易	",399,
284,"01L21001	",284,0,"交易	",284,
239,"01L23001	",169,70,"交易	",189,
920,"01L20601	",920,0,"交易	",920,
99,"01L20101	",99,0,"交易	",99,
339,"01L13501	",338.85,0.15,"交易	",339,
754,"01L20801	",754,0,"交易	",754,
199,"01L13501	",198.85,0.15,"交易	",199,
354,"01L14001	",354,0,"交易	",354,
559,"01L23801	",559,0,"交易	",559,
5.2,"01L12301	",5.2,0,"交易	",5.2,
119,"01L13501	",119,0,"交易	",119,
118,"01L22301	",68,50,"交易	",68,
173.9,"01L32601	",173.9,0,"交易	",173.9,
850,"01L22301	",850,0,"交易	",850,
25,"01L13701	",25,0,"交易	",25,
370,"01L10701	",370,0,"交易	",370,
328,"01L14001	",328,0,"交易	",328,
695,"01L20601	",694.85,0.15,"交易	",695,
513,"01L20901	",513,0,"交易	",513,
116.2,"01L12301	",116.2,0,"交易	",116.2,
349,"01L13501	",349,0,"交易	",349,
669,"01L14001	",669,0,"交易	",669,
538,"01L20101	",538,0,"交易	",538,
1064.5,"01L24501	",1064.5,0,"交易	",1064.5,
219.5,"01L13801	",219.35,0.15,"交易	",219.5,
241,"01L12301	",241,0,"交易	",241,
499,"01L12801	",499,0,"交易	",499,
705,"01L21801	",705,0,"交易	",705,
216,"01L21901	",216,0,"交易	",216,
69,"01L31101	",69,0,"交易	",69,
20,"01L21801	",19.88,0.12,"交易	",20,
238,"01L13701	",238,0,"交易	",238,
440,"01L10701	",440,0,"交易	",440,
99,"01L21801	",99,0,"交易	",99,
100,"01L12301	",40,60,"交易	",50,
219,"01L13501	",219,0,"交易	",219,
199,"01L31301	",199,0,"交易	",199,
9,"01L22301	",8.85,0.15,"交易	",9,
287,"01L23001	",287,0,"交易	",287,
940,"01L10701	",940,0,"交易	",940,
146.8,"01L32601	",146.8,0,"交易	",146.8,
214,"01L21801	",214,0,"交易	",214,
206,"01L22301	",206,0,"交易	",206,
344,"01L11501	",344,0,"交易	",344,
254,"01L13201	",254,0,"交易	",254,
490,"01L10701	",490,0,"交易	",490,
299,"01L13501	",298.87,0.13,"交易	",299,
198,"01L31101	",198,0,"交易	",198,
598,"01L22601	",598,0,"交易	",598,
339,"01L24101	",339,0,"交易	",339,
273,"01L32101	",273,0,"交易	",273,
54,"01L30801	",54,0,"交易	",54,
185,"01L21201	",185,0,"交易	",185,
1249,"01L30801	",1249,0,"交易	",1249,
117.6,"01L32601	",117.6,0,"交易	",117.6,
917,"01L13501	",917,0,"交易	",917,
248.5,"01L13701	",248.37,0.13,"交易	",248.5,
169,"01L22301	",169,0,"交易	",169,
418,"01L12301	",418,0,"交易	",418,
159,"01L21801	",159,0,"交易	",159,
384,"01L10701	",384,0,"交易	",384,
355,"01L22301	",355,0,"交易	",355,
8.2,"01L32601	",8.08,0.12,"交易	",8.2,
199,"01L21801	",198.87,0.13,"交易	",199,
129,"01L31101	",129,0,"交易	",129,
98,"01L10701	",98,0,"交易	",98,
13.9,"01L13701	",13.9,0,"交易	",13.9,
100,"01L21801	",40,60,"交易	",50,
599,"01L13501	",599,0,"交易	",599,
169,"01L21801	",108.89,60.11,"交易	",119,
688,"01L30801	",688,0,"交易	",688,
119,"01L13501	",119,0,"交易	",119,
139,"01L31101	",138.89,0.11,"交易	",139,
1595,"01L23801	",1595,0,"交易	",1595,
29,"01L12301	",29,0,"交易	",29,
253.9,"01L32601	",253.9,0,"交易	",253.9,
399,"01L21601	",399,0,"交易	",399,
88,"01L22301	",88,0,"交易	",88,
134,"01L31901	",134,0,"交易	",134,
29,"01L13701	",29,0,"交易	",29,
498,"01L22601	",498,0,"交易	",498,
149,"01L22301	",149,0,"交易	",149,
370,"01L23001	",370,0,"交易	",370,
159,"01L20301	",159,0,"交易	",159,
450,"01L30801	",450,0,"交易	",450,
597,"01L13501	",597,0,"交易	",597,
539,"01L21601	",538.88,0.12,"交易	",539,
49,"01L12301	",49,0,"交易	",49,
59,"01L12301	",59,0,"交易	",59,
278,"01L20101	",278,0,"交易	",278,
25.5,"01L13701	",25.5,0,"交易	",25.5,
100,"01L12301	",40,60,"交易	",50,
1033,"01L10701	",1033,0,"交易	",1033,
1987,"01L10101	",1986.87,0.13,"交易	",1987,
1231,"01L10701	",1231,0,"交易	",1231,
238,"01L22301	",238,0,"交易	",238,
548,"01L13501	",548,0,"交易	",548,
1074,"01L13201	",1073.17,0.83,"交易	",1074,
339,"01L23901	",339,0,"交易	",339,
99,"01L12301	",99,0,"交易	",99,
227.9,"01L12301	",227.9,0,"交易	",227.9,
299,"01L23901	",299,0,"交易	",299,
279.3,"01L13801	",279.3,0,"交易	",279.3,
328,"01L14001	",328,0,"交易	",328,
314.1,"01L12301	",314.1,0,"交易	",314.1,
499,"01L13501	",499,0,"交易	",499,
179.1,"01L12301	",179.1,0,"交易	",179.1,
191,"01L20101	",191,0,"交易	",191,
337,"01L31101	",337,0,"交易	",337,
199,"01L21801	",199,0,"交易	",199,
25,"01L12301	",25,0,"交易	",25,
339.2,"01L12301	",339.2,0,"交易	",339.2,
328,"01L14001	",328,0,"交易	",328,
260,"01L14001	",260,0,"交易	",260,
149,"01L20301	",149,0,"交易	",149,
480,"01L14001	",480,0,"交易	",480,
278,"01L12801	",278,0,"交易	",278,
9.9,"01L12301	",9.9,0,"交易	",9.9,
649,"01L13501	",649,0,"交易	",649,
1544,"01L31301	",1544,0,"交易	",1544,
249,"01L21801	",249,0,"交易	",249,
494.4,"01L24501	",494.4,0,"交易	",494.4,
299,"01L23501	",298.85,0.15,"交易	",299,
18,"01L31101	",18,0,"交易	",18,
228,"01L22301	",228,0,"交易	",228,
1193,"01L10101	",1193,0,"交易	",1193,
68,"01L13701	",67.85,0.15,"交易	",68,
199,"01L24001	",189,10,"交易	",199,
378.6,"01L32601	",378.6,0,"交易	",378.6,
369,"01L21601	",368.88,0.12,"交易	",369,
276,"01L22301	",276,0,"交易	",276,
149,"01L22301	",148.86,0.14,"交易	",149,
148,"01L13701	",97.86,50.14,"交易	",98,
85,"01L20801	",85,0,"交易	",85,
99,"01L12301	",99,0,"交易	",99,
349,"01L13501	",349,0,"交易	",349,
780,"01L14001	",780,0,"交易	",780,
601,"01L30801	",601,0,"交易	",601,
946,"01L13501	",946,0,"交易	",946,
79,"01L12301	",79,0,"交易	",79,
136,"01L13701	",136,0,"交易	",136,
118,"01L12301	",118,0,"交易	",118,
648,"01L14001	",648,0,"交易	",648,
328,"01L14001	",328,0,"交易	",328,
416,"01L30801	",416,0,"交易	",416,
250.2,"01L12301	",250.2,0,"交易	",250.2,
297,"01L13701	",297,0,"交易	",297,
194,"01L13201	",194,0,"交易	",194,
370,"01L23001	",370,0,"交易	",370,
598,"01L12801	",598,0,"交易	",598,
224,"01L12501	",224,0,"交易	",224,
44.4,"01L13701	",44.4,0,"交易	",44.4,
50,"01L21801	",50,0,"交易	",50,
215.2,"01L12301	",215.2,0,"交易	",215.2,
686,"01L23501	",686,0,"交易	",686,
345.5,"01L32601	",295.5,50,"交易	",295.5,
168.3,"01L12301	",108.16,60.14,"交易	",118.3,
49,"01L13501	",49,0,"交易	",49,
686.7,"01L13701	",686.7,0,"交易	",686.7,
25,"01L31101	",25,0,"交易	",25,
139,"01L20101	",138.86,0.14,"交易	",139,
456,"01L23801	",456,0,"交易	",456,
499,"01L21601	",499,0,"交易	",499,
122,"01L31101	",122,0,"交易	",122,
369,"01L24501	",369,0,"交易	",369,
139,"01L31101	",139,0,"交易	",139,
218,"01L31101	",218,0,"交易	",218,
549.4,"01L24101	",549.4,0,"交易	",549.4,
1252,"01L20901	",1252,0,"交易	",1252,
141,"01L32701	",141,0,"交易	",141,
100,"01L24101	",30,70,"交易	",50,
399,"01L31301	",399,0,"交易	",399,
99,"01L12301	",99,0,"交易	",99,
110.5,"01L13701	",50.37,60.13,"交易	",60.5,
339.4,"01L24101	",279.4,60,"交易	",289.4,
62.7,"01L12301	",62.56,0.14,"交易	",62.7,
132.8,"01L12301	",132.8,0,"交易	",132.8,
938,"01L13501	",938,0,"交易	",938,
299,"01L13501	",299,0,"交易	",299,
301,"01L31301	",301,0,"交易	",301,
59,"01L12301	",59,0,"交易	",59,
145,"01L12301	",144.86,0.14,"交易	",145,
792,"01L31301	",732,60,"交易	",742,
325,"01L14001	",325,0,"交易	",325,
124,"01L13701	",64,60,"交易	",74,
213,"01L31901	",213,0,"交易	",213,
549.4,"01L24501	",549.4,0,"交易	",549.4,
318,"01L23001	",318,0,"交易	",318,
84,"01L31301	",84,0,"交易	",84,
858,"01L21601	",858,0,"交易	",858,
280,"01L13801	",280,0,"交易	",280,
99,"01L21801	",99,0,"交易	",99,
49,"01L31101	",49,0,"交易	",49,
504,"01L14001	",503.88,0.12,"交易	",504,
597,"01L13501	",597,0,"交易	",597,
260,"01L14001	",260,0,"交易	",260,
6,"01L12301	",6,0,"交易	",6,
163.5,"01L12301	",163.37,0.13,"交易	",163.5,
349,"01L13501	",349,0,"交易	",349,
25,"01L31101	",25,0,"交易	",25,
29,"01L31101	",29,0,"交易	",29,
89,"01L30801	",89,0,"交易	",89,
350,"01L22301	",350,0,"交易	",350,
239,"01L23001	",239,0,"交易	",239,
280,"01L12501	",280,0,"交易	",280,
520,"01L14001	",520,0,"交易	",520,
662,"01L22301	",662,0,"交易	",662,
10,"01L12301	",10,0,"交易	",10,
40,"01L13701	",40,0,"交易	",40,
295,"01L22301	",295,0,"交易	",295,
119,"01L31301	",118.87,0.13,"交易	",119,
584.3,"01L24501	",584.3,0,"交易	",584.3,
299,"01L13501	",299,0,"交易	",299,
179,"01L12301	",179,0,"交易	",179,
321,"01L13201	",321,0,"交易	",321,
178,"01L32701	",178,0,"交易	",178,
192,"01L14001	",192,0,"交易	",192,
0.5,"01L13701	",0.5,0,"交易	",0.5,
90,"01L13701	",89.86,0.14,"交易	",90,
1453,"01L10101	",1453,0,"交易	",1453,
120,"01L12801	",120,0,"交易	",120,
439.4,"01L24501	",439.4,0,"交易	",439.4,
69,"01L13701	",68.86,0.14,"交易	",69,
191,"01L20101	",191,0,"交易	",191,
351,"01L12501	",351,0,"交易	",351,
59,"01L32601	",59,0,"交易	",59,
399,"01L20601	",399,0,"交易	",399,
119.5,"01L32601	",49.5,70,"交易	",69.5,
659.4,"01L24501	",659.25,0.15,"交易	",659.4,
498,"01L10701	",498,0,"交易	",498,
359,"01L21601	",358.88,0.12,"交易	",359,
134,"01L11501	",134,0,"交易	",134,
469,"01L13501	",469,0,"交易	",469,
299,"01L24501	",299,0,"交易	",299,
9900,"01L41301	",9900,0,"交易	",9900,
357,"01L23801	",357,0,"交易	",357,
732,"01L14001	",732,0,"交易	",732,
327,"01L12501	",326.88,0.12,"交易	",327,
918,"01L12801	",918,0,"交易	",918,
591,"01L23001	",591,0,"交易	",591,
13,"01L31101	",13,0,"交易	",13,
290,"01L11501	",290,0,"交易	",290,
280,"01L13801	",279.87,0.13,"交易	",280,
494.4,"01L24501	",494.4,0,"交易	",494.4,
68.9,"01L12301	",68.9,0,"交易	",68.9,
140,"01L13201	",140,0,"交易	",140,
1145,"01L14001	",1145,0,"交易	",1145,
39,"01L12301	",38.89,0.11,"交易	",39,
126.7,"01L32601	",126.7,0,"交易	",126.7,
1823,"01L20801	",1823,0,"交易	",1823,
179,"01L21901	",179,0,"交易	",179,
718,"01L13501	",718,0,"交易	",718,
59,"01L12301	",59,0,"交易	",59,
49,"01L22301	",49,0,"交易	",49,
119,"01L12301	",119,0,"交易	",119,
544,"01L13701	",544,0,"交易	",544,
699,"01L23801	",699,0,"交易	",699,
181,"01L30801	",181,0,"交易	",181,
149,"01L13501	",149,0,"交易	",149,
501.6,"01L32601	",501.6,0,"交易	",501.6,
6,"01L12301	",6,0,"交易	",6,
99,"01L31301	",98.87,0.13,"交易	",99,
99,"01L21901	",99,0,"交易	",99,
2132.3,"01L13801	",2132.3,0,"交易	",2132.3,
29,"01L21801	",29,0,"交易	",29,
173,"01L21901	",172.88,0.12,"交易	",173,
584.3,"01L24501	",584.3,0,"交易	",584.3,
558,"01L21001	",557.89,0.11,"交易	",558,
798,"01L22601	",798,0,"交易	",798,
494.4,"01L24501	",494.4,0,"交易	",494.4,
358,"01L20801	",358,0,"交易	",358,
99,"01L32601	",99,0,"交易	",99,
20,"01L12801	",20,0,"交易	",20,
795,"01L13501	",795,0,"交易	",795,
263,"01L23001	",263,0,"交易	",263,
99,"01L21801	",99,0,"交易	",99,
499,"01L24501	",499,0,"交易	",499,
258,"01L20601	",257.87,0.13,"交易	",258,
499,"01L24201	",499,0,"交易	",499,
69,"01L31301	",69,0,"交易	",69,
191,"01L20101	",191,0,"交易	",191,
179.1,"01L12301	",179.1,0,"交易	",179.1,
99,"01L12301	",99,0,"交易	",99,
173,"01L31301	",173,0,"交易	",173,
344,"01L13701	",344,0,"交易	",344,
99,"01L31301	",99,0,"交易	",99,
817,"01L13501	",817,0,"交易	",817,
855,"01L14001	",855,0,"交易	",855,
341,"01L20801	",340.85,0.15,"交易	",341,
29,"01L32601	",28.89,0.11,"交易	",29,
298.3,"01L32601	",298.3,0,"交易	",298.3,
65.5,"01L12301	",65.5,0,"交易	",65.5,
168,"01L31101	",168,0,"交易	",168,
699,"01L12801	",698.85,0.15,"交易	",699,
599,"01L22301	",598.85,0.15,"交易	",599,
354,"01L12801	",353.89,0.11,"交易	",354,
100,"01L32101	",40,60,"交易	",50,
474,"01L24001	",474,0,"交易	",474,
316.8,"01L13701	",316.8,0,"交易	",316.8,
118,"01L12801	",118,0,"交易	",118,
645,"01L13501	",645,0,"交易	",645,
219,"01L13501	",219,0,"交易	",219,
1008,"01L20901	",1008,0,"交易	",1008,
139.6,"01L12301	",139.6,0,"交易	",139.6,
637,"01L13501	",636.88,0.12,"交易	",637,
691,"01L20601	",691,0,"交易	",691,
75,"01L31101	",74.86,0.14,"交易	",75,
50,"01L21801	",50,0,"交易	",50,
450,"01L13201	",450,0,"交易	",450,
398,"01L31101	",398,0,"交易	",398,
119,"01L13501	",119,0,"交易	",119,
284,"01L31301	",284,0,"交易	",284,
249,"01L13501	",248.89,0.11,"交易	",249,
25,"01L31101	",25,0,"交易	",25,
518,"01L24001	",518,0,"交易	",518,
868,"01L23901	",867.88,0.12,"交易	",868,
169,"01L13501	",168.88,0.12,"交易	",169,
49,"01L22301	",49,0,"交易	",49,
139,"01L31101	",139,0,"交易	",139,
419,"01L21801	",419,0,"交易	",419,
249,"01L13501	",249,0,"交易	",249,
269,"01L20901	",269,0,"交易	",269,
99,"01L31301	",99,0,"交易	",99,
179.1,"01L12301	",179.1,0,"交易	",179.1,
178.2,"01L12301	",178.2,0,"交易	",178.2,
420,"01L14001	",420,0,"交易	",420,
315,"01L12301	",315,0,"交易	",315,
129.3,"01L13701	",79.3,50,"交易	",79.3,
19,"01L13501	",19,0,"交易	",19,
200,"01L12501	",200,0,"交易	",200,
298,"01L23001	",298,0,"交易	",298,
668.8,"01L13801	",668.8,0,"交易	",668.8,
569,"01L20801	",569,0,"交易	",569,
349,"01L13501	",349,0,"交易	",349,
184,"01L12501	",184,0,"交易	",184,
120,"01L12501	",120,0,"交易	",120,
163,"01L20101	",113,50,"交易	",113,
100,"01L20101	",50,50,"交易	",50,
130,"01L12501	",130,0,"交易	",130,
287,"01L22301	",287,0,"交易	",287,
508,"01L20601	",508,0,"交易	",508,
159,"01L30801	",159,0,"交易	",159,
79,"01L12301	",79,0,"交易	",79,
597,"01L23801	",597,0,"交易	",597,
201,"01L12301	",201,0,"交易	",201,
284,"01L21801	",284,0,"交易	",284,
127,"01L22301	",126.89,0.11,"交易	",127,
952,"01L21201	",952,0,"交易	",952,
214.7,"01L32601	",214.7,0,"交易	",214.7,
299,"01L23901	",299,0,"交易	",299,
560,"01L14001	",559.85,0.15,"交易	",560,
85,"01L12801	",85,0,"交易	",85,
598,"01L13501	",598,0,"交易	",598,
15,"01L12301	",15,0,"交易	",15,
299,"01L13501	",299,0,"交易	",299,
267,"01L12301	",267,0,"交易	",267,
104.5,"01L12301	",104.36,0.14,"交易	",104.5,
418,"01L13501	",418,0,"交易	",418,
394,"01L20101	",394,0,"交易	",394,
414,"01L14001	",414,0,"交易	",414,
577.4,"01L24501	",577.28,0.12,"交易	",577.4,
359,"01L21601	",359,0,"交易	",359,
440,"01L13201	",440,0,"交易	",440,
299,"01L13501	",299,0,"交易	",299,
455.4,"01L23901	",455.4,0,"交易	",455.4,
455.4,"01L24001	",455.4,0,"交易	",455.4,
119,"01L21801	",119,0,"交易	",119,
459,"01L11501	",458.89,0.11,"交易	",459,
140,"01L13801	",140,0,"交易	",140,
150,"01L20801	",150,0,"交易	",150,
249,"01L12501	",249,0,"交易	",249,
249,"01L22301	",249,0,"交易	",249,
149,"01L22301	",149,0,"交易	",149,
139,"01L12301	",139,0,"交易	",139,
59,"01L12301	",58.87,0.13,"交易	",59,
707,"01L23001	",707,0,"交易	",707,
459,"01L21601	",459,0,"交易	",459,
49,"01L22301	",49,0,"交易	",49,
68.5,"01L13701	",68.5,0,"交易	",68.5,
450,"01L20801	",450,0,"交易	",450,
169,"01L31301	",169,0,"交易	",169,
429,"01L31101	",429,0,"交易	",429,
262,"01L31901	",261.87,0.13,"交易	",262,
177,"01L12301	",177,0,"交易	",177,
349.3,"01L13801	",349.16,0.14,"交易	",349.3,
494.4,"01L24501	",494.29,0.11,"交易	",494.4,
-572.4,"01L24501	",0,0,"退款	",-572.4,
358,"01L23001	",358,0,"交易	",358,
189.5,"01L13701	",139.38,50.12,"交易	",139.5,
854,"01L24201	",854,0,"交易	",854,
572.4,"01L24501	",572.4,0,"交易	",572.4,
449,"01L13501	",448.87,0.13,"交易	",449,
136,"01L13701	",136,0,"交易	",136,
200,"01L13801	",200,0,"交易	",200,
1298,"01L21601	",1298,0,"交易	",1298,
512,"01L24001	",511.88,0.12,"交易	",512,
26.9,"01L12301	",26.9,0,"交易	",26.9,
415,"01L20301	",415,0,"交易	",415,
53.8,"01L12301	",53.8,0,"交易	",53.8,
159,"01L23001	",159,0,"交易	",159,
273,"01L21901	",273,0,"交易	",273,
100,"01L12301	",40,60,"交易	",50,
585,"01L11501	",585,0,"交易	",585,
129,"01L31101	",129,0,"交易	",129,
1185,"01L13201	",1184.87,0.13,"交易	",1185,
46,"01L12301	",46,0,"交易	",46,
200,"01L20601	",140,60,"交易	",150,
166.5,"01L12301	",166.5,0,"交易	",166.5,
199,"01L13501	",199,0,"交易	",199,
258.3,"01L12301	",258.3,0,"交易	",258.3,
112.7,"01L12301	",112.7,0,"交易	",112.7,
478,"01L21801	",477.85,0.15,"交易	",478,
988,"01L13501	",988,0,"交易	",988,
548,"01L22601	",548,0,"交易	",548,
143.5,"01L12301	",143.5,0,"交易	",143.5,
158,"01L12301	",158,0,"交易	",158,
149,"01L30801	",149,0,"交易	",149,
139,"01L31101	",139,0,"交易	",139,
115,"01L12501	",115,0,"交易	",115,
428,"01L12801	",428,0,"交易	",428,
348,"01L22601	",348,0,"交易	",348,
5,"01L12301	",5,0,"交易	",5,
561,"01L30801	",561,0,"交易	",561,
34,"01L13501	",34,0,"交易	",34,
115,"01L13501	",114.89,0.11,"交易	",115,
203,"01L20101	",133,70,"交易	",153,
167,"01L20101	",97,70,"交易	",117,
569,"01L24001	",569,0,"交易	",569,
1005,"01L11501	",1005,0,"交易	",1005,
126.7,"01L32601	",126.7,0,"交易	",126.7,
141.7,"01L13701	",91.59,50.11,"交易	",91.7,
118.8,"01L13701	",68.8,50,"交易	",68.8,
299,"01L13501	",299,0,"交易	",299,
262.8,"01L13701	",202.68,60.12,"交易	",212.8,
470,"01L13201	",470,0,"交易	",470,
1383.3,"01L13801	",1383.3,0,"交易	",1383.3,
290,"01L10701	",290,0,"交易	",290,
160,"01L13201	",160,0,"交易	",160,
32,"01L12801	",32,0,"交易	",32,
280,"01L13201	",280,0,"交易	",280,
118,"01L12301	",118,0,"交易	",118,
280,"01L13201	",280,0,"交易	",280,
40,"01L13701	",40,0,"交易	",40,
243,"01L20301	",243,0,"交易	",243,
59,"01L21901	",59,0,"交易	",59,
499,"01L13501	",499,0,"交易	",499,
268,"01L20301	",268,0,"交易	",268,
269,"01L30801	",268.89,0.11,"交易	",269,
20,"01L12801	",20,0,"交易	",20,
84,"01L32701	",84,0,"交易	",84,
320,"01L32101	",320,0,"交易	",320,
71.5,"01L12301	",71.5,0,"交易	",71.5,
116,"01L13201	",65.87,50.13,"交易	",66,
381,"01L12801	",381,0,"交易	",381,
113,"01L20301	",43,70,"交易	",63,
568,"01L13501	",568,0,"交易	",568,
39,"01L31101	",39,0,"交易	",39,
270,"01L23001	",210,60,"交易	",220,
107,"01L23001	",47,60,"交易	",57,
219,"01L23001	",219,0,"交易	",219,
118,"01L12301	",118,0,"交易	",118,
689,"01L12801	",689,0,"交易	",689,
39,"01L12301	",39,0,"交易	",39,
179,"01L22301	",179,0,"交易	",179,
1133,"01L12801	",1133,0,"交易	",1133,
169,"01L20101	",169,0,"交易	",169,
1330,"01L20901	",1330,0,"交易	",1330,
463,"01L32701	",462.85,0.15,"交易	",463,
178.2,"01L12301	",178.2,0,"交易	",178.2,
469,"01L13801	",469,0,"交易	",469,
25,"01L31101	",25,0,"交易	",25,
227,"01L20801	",227,0,"交易	",227,
99,"01L31301	",99,0,"交易	",99,
403,"01L12501	",403,0,"交易	",403,
17,"01L12301	",17,0,"交易	",17,
228,"01L22301	",228,0,"交易	",228,
59,"01L12301	",59,0,"交易	",59,
299.5,"01L24101	",299.5,0,"交易	",299.5,
261,"01L12801	",261,0,"交易	",261,
75,"01L31101	",74.87,0.13,"交易	",75,
280,"01L13201	",280,0,"交易	",280,
107.1,"01L32601	",106.96,0.14,"交易	",107.1,
160,"01L13201	",160,0,"交易	",160,
21.3,"01L13801	",21.3,0,"交易	",21.3,
10,"01L12801	",10,0,"交易	",10,
471,"01L14001	",471,0,"交易	",471,
167,"01L23001	",167,0,"交易	",167,
205,"01L13501	",205,0,"交易	",205,
269,"01L20601	",269,0,"交易	",269,
245,"01L14001	",245,0,"交易	",245,
1168,"01L31301	",1168,0,"交易	",1168,
519.3,"01L24101	",519.3,0,"交易	",519.3,
169,"01L13701	",168.89,0.11,"交易	",169,
269.5,"01L13801	",269.5,0,"交易	",269.5,
299,"01L24101	",249,50,"交易	",249,
139.3,"01L13801	",139.16,0.14,"交易	",139.3,
459,"01L21601	",458.88,0.12,"交易	",459,
168,"01L22301	",168,0,"交易	",168,
190,"01L11501	",189.86,0.14,"交易	",190,
1393,"01L24001	",1393,0,"交易	",1393,
119,"01L20301	",119,0,"交易	",119,
278.1,"01L12301	",278.1,0,"交易	",278.1,
25,"01L14001	",25,0,"交易	",25,
280,"01L13201	",280,0,"交易	",280,
182.7,"01L12301	",182.7,0,"交易	",182.7,
100,"01L32701	",100,0,"交易	",100,
700,"01L22601	",700,0,"交易	",700,
382,"01L23001	",382,0,"交易	",382,
188,"01L21901	",188,0,"交易	",188,
164,"01L21201	",164,0,"交易	",164,
560,"01L14001	",560,0,"交易	",560,
38.6,"01L12301	",38.6,0,"交易	",38.6,
149,"01L13501	",149,0,"交易	",149,
174,"01L13201	",174,0,"交易	",174,
179,"01L30801	",179,0,"交易	",179,
239,"01L20101	",239,0,"交易	",239,
799,"01L31301	",799,0,"交易	",799,
191,"01L23001	",190.86,0.14,"交易	",191,
39,"01L12301	",38.86,0.14,"交易	",39,
380,"01L10701	",380,0,"交易	",380,
111,"01L12501	",111,0,"交易	",111,
360,"01L12501	",360,0,"交易	",360,
189,"01L22301	",189,0,"交易	",189,
199,"01L13501	",199,0,"交易	",199,
129,"01L12501	",129,0,"交易	",129,
150,"01L12501	",80,70,"交易	",100,
509,"01L13801	",509,0,"交易	",509,
220,"01L13701	",160,60,"交易	",170,
109,"01L13701	",49,60,"交易	",59,
-338,"01L13701	",0,0,"退款	",-288,
390,"01L14001	",390,0,"交易	",390,
141,"01L12301	",141,0,"交易	",141,
338,"01L13701	",278,60,"交易	",288,
133.4,"01L12301	",133.4,0,"交易	",133.4,
1298,"01L20901	",1298,0,"交易	",1298,
79,"01L12301	",78.86,0.14,"交易	",79,
99,"01L13701	",99,0,"交易	",99,
58.4,"01L12301	",58.4,0,"交易	",58.4,
99,"01L12301	",99,0,"交易	",99,
1197,"01L21601	",1197,0,"交易	",1197,
699,"01L23801	",698.85,0.15,"交易	",699,
329,"01L11501	",329,0,"交易	",329,
148,"01L31101	",147.86,0.14,"交易	",148,
399,"01L21601	",399,0,"交易	",399,
208,"01L31101	",207.85,0.15,"交易	",208,
69,"01L31301	",69,0,"交易	",69,
149,"01L31101	",149,0,"交易	",149,
270,"01L13801	",270,0,"交易	",270,
472.4,"01L24501	",472.4,0,"交易	",472.4,
223,"01L41301	",223,0,"交易	",223,
7704,"01L26601	",7704,0,"交易	",7704,
179.1,"01L12301	",179.1,0,"交易	",179.1,
507,"01L13501	",507,0,"交易	",507,
199,"01L21801	",138.85,60.15,"交易	",149,
200,"01L12801	",149.86,50.14,"交易	",150,
448,"01L12801	",447.89,0.11,"交易	",448,
129,"01L12801	",128.86,0.14,"交易	",129,
299,"01L23901	",299,0,"交易	",299,
307.3,"01L13801	",307.3,0,"交易	",307.3,
150,"01L13801	",150,0,"交易	",150,
39,"01L12301	",39,0,"交易	",39,
231.2,"01L32601	",231.2,0,"交易	",231.2,
119,"01L13501	",119,0,"交易	",119,
518,"01L13501	",518,0,"交易	",518,
39,"01L13701	",39,0,"交易	",39,
532,"01L22301	",532,0,"交易	",532,
359,"01L21601	",359,0,"交易	",359,
82,"01L32101	",82,0,"交易	",82,
399,"01L21601	",399,0,"交易	",399,
59,"01L12301	",59,0,"交易	",59,
32.1,"01L13701	",32.1,0,"交易	",32.1,
1277,"01L20101	",1277,0,"交易	",1277,
799,"01L31301	",799,0,"交易	",799,
129.3,"01L12301	",129.3,0,"交易	",129.3,
279,"01L13801	",279,0,"交易	",279,
126.4,"01L12301	",126.4,0,"交易	",126.4,
659.4,"01L24501	",659.4,0,"交易	",659.4,
499,"01L24101	",499,0,"交易	",499,
209,"01L12301	",209,0,"交易	",209,
439,"01L21601	",439,0,"交易	",439,
584,"01L20801	",584,0,"交易	",584,
706,"01L21801	",705.88,0.12,"交易	",706,
202.3,"01L12301	",202.3,0,"交易	",202.3,
192,"01L14001	",191.86,0.14,"交易	",192,
138,"01L23801	",138,0,"交易	",138,
139,"01L31101	",139,0,"交易	",139,
1800,"01L26601	",1800,0,"交易	",1800,
191,"01L20101	",191,0,"交易	",191,
1000,"01L22601	",1000,0,"交易	",1000,
239,"01L31101	",239,0,"交易	",239,
30,"01L12801	",30,0,"交易	",30,
668,"01L32701	",668,0,"交易	",668,
599,"01L23801	",599,0,"交易	",599,
161,"01L20801	",161,0,"交易	",161,
339,"01L13501	",339,0,"交易	",339,
270,"01L31101	",270,0,"交易	",270,
548.2,"01L32601	",548.2,0,"交易	",548.2,
169,"01L31301	",168.87,0.13,"交易	",169,
852,"01L12801	",852,0,"交易	",852,
239,"01L21001	",239,0,"交易	",239,
810,"01L14001	",810,0,"交易	",810,
20,"01L12801	",19.87,0.13,"交易	",20,
437.2,"01L32601	",437.06,0.14,"交易	",437.2,
299,"01L13501	",298.88,0.12,"交易	",299,
119,"01L21801	",59,60,"交易	",69,
69,"01L31101	",69,0,"交易	",69,
527.4,"01L24501	",527.4,0,"交易	",527.4,
572,"01L12801	",572,0,"交易	",572,
129,"01L12301	",129,0,"交易	",129,
139,"01L31101	",139,0,"交易	",139,
394,"01L30801	",394,0,"交易	",394,
399,"01L23901	",399,0,"交易	",399,
84,"01L31901	",84,0,"交易	",84,
399,"01L24201	",399,0,"交易	",399,
249,"01L22301	",249,0,"交易	",249,
967,"01L13501	",967,0,"交易	",967,
149,"01L13501	",149,0,"交易	",149,
229,"01L31301	",229,0,"交易	",229,
25,"01L31101	",25,0,"交易	",25,
99,"01L31301	",99,0,"交易	",99,
385.4,"01L32601	",385.4,0,"交易	",385.4,
119,"01L31101	",119,0,"交易	",119,
58,"01L13701	",58,0,"交易	",58,
294.1,"01L12301	",294.1,0,"交易	",294.1,
228,"01L14001	",228,0,"交易	",228,
608,"01L23901	",607.87,0.13,"交易	",608,
205.9,"01L12301	",205.9,0,"交易	",205.9,
678,"01L13801	",678,0,"交易	",678,
234,"01L21801	",233.89,0.11,"交易	",234,
50,"01L13701	",50,0,"交易	",50,
325,"01L14001	",325,0,"交易	",325,
49.5,"01L13701	",49.38,0.12,"交易	",49.5,
578,"01L20601	",578,0,"交易	",578,
527.4,"01L24501	",527.4,0,"交易	",527.4,
349,"01L13501	",349,0,"交易	",349,
1360,"01L13501	",1360,0,"交易	",1360,
299,"01L23901	",239,60,"交易	",249,
191,"01L23001	",191,0,"交易	",191,
149,"01L13701	",79,70,"交易	",99,
800,"01L13201	",800,0,"交易	",800,
2437,"01L13501	",2437,0,"交易	",2437,
11.9,"01L32601	",11.9,0,"交易	",11.9,
423.1,"01L12301	",423.1,0,"交易	",423.1,
439.4,"01L24501	",439.4,0,"交易	",439.4,
79.2,"01L32601	",79.08,0.12,"交易	",79.2,
319,"01L12301	",319,0,"交易	",319,
296.7,"01L32601	",296.7,0,"交易	",296.7,
208,"01L14001	",208,0,"交易	",208,
200.8,"01L12301	",200.8,0,"交易	",200.8,
276,"01L14001	",275.07,0.93,"交易	",276,
618,"01L13501	",618,0,"交易	",618,
75,"01L31101	",75,0,"交易	",75,
149,"01L13501	",149,0,"交易	",149,
399,"01L21601	",339,60,"交易	",349,
3000,"01L11501	",3000,0,"交易	",3000,
199,"01L12801	",199,0,"交易	",199,
268,"01L20301	",268,0,"交易	",268,
263,"01L12501	",263,0,"交易	",263,
165,"01L24501	",165,0,"交易	",165,
179,"01L20101	",179,0,"交易	",179,
698,"01L12801	",698,0,"交易	",698,
82,"01L30801	",82,0,"交易	",82,
741,"01L23001	",741,0,"交易	",741,
341.4,"01L24001	",341.4,0,"交易	",341.4,
1062,"01L20801	",1062,0,"交易	",1062,
200,"01L13701	",200,0,"交易	",200,
257,"01L31101	",257,0,"交易	",257,
55,"01L13501	",55,0,"交易	",55,
65.9,"01L12301	",65.9,0,"交易	",65.9,
287,"01L23001	",287,0,"交易	",287,
319,"01L13501	",319,0,"交易	",319,
494.4,"01L24501	",494.4,0,"交易	",494.4,
500,"01L13501	",500,0,"交易	",500,
439,"01L20601	",439,0,"交易	",439,
233,"01L11501	",233,0,"交易	",233,
299,"01L13501	",299,0,"交易	",299,
328.6,"01L12301	",328.6,0,"交易	",328.6,
249,"01L22301	",249,0,"交易	",249,
27,"01L32701	",27,0,"交易	",27,
39,"01L12301	",39,0,"交易	",39,
137.6,"01L12301	",137.6,0,"交易	",137.6,
100,"01L20301	",30,70,"交易	",50,
179,"01L20801	",179,0,"交易	",179,
614,"01L12801	",614,0,"交易	",614,
299,"01L31301	",239,60,"交易	",249,
239,"01L24501	",188.87,50.13,"交易	",189,
59,"01L12301	",59,0,"交易	",59,
608,"01L21201	",608,0,"交易	",608,
502,"01L31901	",502,0,"交易	",502,
743,"01L21801	",743,0,"交易	",743,
637,"01L13201	",637,0,"交易	",637,
208,"01L22301	",208,0,"交易	",208,
558,"01L24001	",558,0,"交易	",558,
199,"01L13501	",199,0,"交易	",199,
565,"01L13501	",565,0,"交易	",565,
40.7,"01L12301	",40.7,0,"交易	",40.7,
79,"01L12301	",79,0,"交易	",79,
199,"01L24001	",149,50,"交易	",149,
399,"01L13501	",399,0,"交易	",399,
298,"01L22601	",298,0,"交易	",298,
906,"01L21901	",855.87,50.13,"交易	",856,
209,"01L23801	",209,0,"交易	",209,
108,"01L13701	",108,0,"交易	",108,
559,"01L12501	",559,0,"交易	",559,
59,"01L12301	",59,0,"交易	",59,
953,"01L13801	",953,0,"交易	",953,
59,"01L12301	",59,0,"交易	",59,
139,"01L31101	",139,0,"交易	",139,
109,"01L13701	",109,0,"交易	",109,
516,"01L30801	",516,0,"交易	",516,
90,"01L20301	",90,0,"交易	",90,
249,"01L13501	",249,0,"交易	",249,
127,"01L30801	",127,0,"交易	",127,
49,"01L12301	",49,0,"交易	",49,
191.7,"01L12301	",191.7,0,"交易	",191.7,
319,"01L13501	",319,0,"交易	",319,
898,"01L13501	",898,0,"交易	",898,
718,"01L21001	",718,0,"交易	",718,
108,"01L13701	",48,60,"交易	",58,
414,"01L20301	",414,0,"交易	",414,
149,"01L31301	",149,0,"交易	",149,
622,"01L20101	",622,0,"交易	",622,
939,"01L13801	",939,0,"交易	",939,
298,"01L23001	",298,0,"交易	",298,
129,"01L31101	",129,0,"交易	",129,
-1424,"zzcw01	",0,0,"退款	",-1424,
280,"01L13201	",280,0,"交易	",280,
419,"01L24501	",419,0,"交易	",419,
653,"01L20901	",653,0,"交易	",653,
390,"01L12801	",390,0,"交易	",390,
82,"01L12301	",82,0,"交易	",82,
360,"01L30801	",360,0,"交易	",360,
249,"01L13501	",249,0,"交易	",249,
191,"01L23001	",191,0,"交易	",191,
179,"01L23001	",179,0,"交易	",179,
543,"01L20901	",543,0,"交易	",543,
449,"01L11501	",449,0,"交易	",449,
86,"01L12801	",86,0,"交易	",86,
1000,"01L31901	",1000,0,"交易	",1000,
299,"01L21001	",299,0,"交易	",299,
123,"01L32101	",123,0,"交易	",123,
699,"01L23801	",699,0,"交易	",699,
200,"01L12801	",199.86,0.14,"交易	",200,
594,"01L12801	",594,0,"交易	",594,
924,"01L10701	",924,0,"交易	",924,
58,"01L13701	",58,0,"交易	",58,
527.4,"01L24501	",527.4,0,"交易	",527.4,
249,"01L12801	",179,70,"交易	",199,
183,"01L31301	",183,0,"交易	",183,
-718,"zzcw01	",0,0,"退款	",-718,
100,"01L11501	",100,0,"交易	",100,
375,"01L32701	",375,0,"交易	",375,
135,"01L21801	",134.85,0.15,"交易	",135,
129,"01L31101	",129,0,"交易	",129,
382,"01L23001	",382,0,"交易	",382,
69,"01L31101	",69,0,"交易	",69,
129,"01L21801	",129,0,"交易	",129,
569,"01L20301	",569,0,"交易	",569,
418,"01L10701	",418,0,"交易	",418,
69,"01L20301	",69,0,"交易	",69,
149,"01L30801	",148.86,0.14,"交易	",149,
348,"01L31301	",348,0,"交易	",348,
184,"01L23501	",184,0,"交易	",184,
105.2,"01L32601	",45.05,60.15,"交易	",55.2,
267.1,"01L32601	",267.1,0,"交易	",267.1,
1592,"01L20901	",1592,0,"交易	",1592,
699,"01L23801	",699,0,"交易	",699,
588.8,"01L13801	",588.8,0,"交易	",588.8,
79,"01L12301	",79,0,"交易	",79,
49,"01L31101	",49,0,"交易	",49,
201.5,"01L32601	",201.5,0,"交易	",201.5,
698,"01L13501	",698,0,"交易	",698,
354,"01L14001	",354,0,"交易	",354,
25,"01L13701	",25,0,"交易	",25,
259,"01L30801	",259,0,"交易	",259,
408,"01L14001	",408,0,"交易	",408,
468,"01L13501	",468,0,"交易	",468,
648,"01L13501	",648,0,"交易	",648,
597,"01L11501	",596.89,0.11,"交易	",597,
349,"01L13501	",349,0,"交易	",349,
109,"01L32601	",109,0,"交易	",109,
99,"01L20101	",99,0,"交易	",99,
945,"01L13501	",945,0,"交易	",945,
724,"01L13201	",724,0,"交易	",724,
499,"01L13501	",499,0,"交易	",499,
1106,"01L10701	",1106,0,"交易	",1106,
29,"01L31101	",29,0,"交易	",29,
25,"01L31101	",25,0,"交易	",25,
109,"01L31101	",109,0,"交易	",109,
89,"01L22301	",89,0,"交易	",89,
197,"01L20601	",197,0,"交易	",197,
1413,"01L23501	",1412.89,0.11,"交易	",1413,
599,"01L21601	",599,0,"交易	",599,
298,"01L31301	",298,0,"交易	",298,
69,"01L13501	",68.88,0.12,"交易	",69,
354,"01L12501	",354,0,"交易	",354,
178.4,"01L12301	",178.4,0,"交易	",178.4,
165,"01L11501	",165,0,"交易	",165,
20,"01L13501	",20,0,"交易	",20,
174,"01L13201	",174,0,"交易	",174,
121.5,"01L13701	",61.5,60,"交易	",71.5,
119,"01L13501	",119,0,"交易	",119,
119,"01L13501	",119,0,"交易	",119,
138,"01L12301	",68,70,"交易	",88,
276,"01L14001	",276,0,"交易	",276,
199,"01L13501	",199,0,"交易	",199,
88,"01L22301	",88,0,"交易	",88,
29,"01L22301	",29,0,"交易	",29,
1109,"01L20901	",1109,0,"交易	",1109,
3.3,"01L32601	",3.3,0,"交易	",3.3,
1058,"01L21601	",1058,0,"交易	",1058,
358,"01L22301	",358,0,"交易	",358,
263,"01L23001	",263,0,"交易	",263,
288,"01L26601	",288,0,"交易	",288,
79,"01L12301	",79,0,"交易	",79,
191,"01L20101	",191,0,"交易	",191,
518,"01L20901	",518,0,"交易	",518,
358,"01L21001	",358,0,"交易	",358,
109,"01L32601	",59,50,"交易	",59,
189,"01L22301	",189,0,"交易	",189,
24,"01L22301	",24,0,"交易	",24,
199,"01L12301	",199,0,"交易	",199,
149,"01L13501	",148.86,0.14,"交易	",149,
28,"01L13701	",28,0,"交易	",28,
758,"01L20801	",758,0,"交易	",758,
199,"01L13501	",199,0,"交易	",199,
378,"01L22301	",378,0,"交易	",378,
714,"01L21201	",714,0,"交易	",714,
77.6,"01L12301	",77.6,0,"交易	",77.6,
238.5,"01L13701	",238.5,0,"交易	",238.5,
279,"01L20601	",279,0,"交易	",279,
109,"01L22301	",109,0,"交易	",109,
1244,"01L22601	",1244,0,"交易	",1244,
399,"01L23901	",399,0,"交易	",399,
539,"01L11501	",489,50,"交易	",489,
103,"01L13701	",43,60,"交易	",53,
299,"01L24101	",299,0,"交易	",299,
429,"01L21801	",429,0,"交易	",429,
499,"01L13501	",499,0,"交易	",499,
166.3,"01L32601	",166.3,0,"交易	",166.3,
5,"01L12801	",5,0,"交易	",5,
1126,"01L13501	",1126,0,"交易	",1126,
399,"01L13501	",399,0,"交易	",399,
492,"01L20901	",492,0,"交易	",492,
165,"01L11501	",165,0,"交易	",165,
1736,"01L12801	",1736,0,"交易	",1736,
192.2,"01L12301	",192.2,0,"交易	",192.2,
299,"01L21601	",299,0,"交易	",299,
129,"01L13701	",119,10,"交易	",129,
84.5,"01L32601	",84.5,0,"交易	",84.5,
205.9,"01L32601	",205.9,0,"交易	",205.9,
799,"01L21601	",799,0,"交易	",799,
231,"01L13201	",231,0,"交易	",231,
119,"01L32101	",119,0,"交易	",119,
799,"01L21001	",798.85,0.15,"交易	",799,
119,"01L20301	",119,0,"交易	",119,
75,"01L31301	",75,0,"交易	",75,
329,"01L30801	",329,0,"交易	",329,
499,"01L21601	",499,0,"交易	",499,
103,"01L21801	",103,0,"交易	",103,
100,"01L13701	",100,0,"交易	",100,
178.6,"01L12301	",178.6,0,"交易	",178.6,
607,"01L12801	",607,0,"交易	",607,
180,"01L13201	",180,0,"交易	",180,
269,"01L20601	",269,0,"交易	",269,
60,"01L32101	",60,0,"交易	",60,
784,"01L21201	",784,0,"交易	",784,
39,"01L31301	",39,0,"交易	",39,
158,"01L21901	",158,0,"交易	",158,
158,"01L32701	",158,0,"交易	",158,
319,"01L13501	",319,0,"交易	",319,
115,"01L32101	",115,0,"交易	",115,
1424,"01L14001	",1424,0,"交易	",1424,
238,"01L10701	",238,0,"交易	",238,
1424,"01L14001	",1424,0,"交易	",1424,
178.7,"01L12301	",178.7,0,"交易	",178.7,
239,"01L20101	",178.85,60.15,"交易	",189,
337,"01L12301	",337,0,"交易	",337,
163,"01L20101	",93,70,"交易	",113,
100,"01L20101	",90,10,"交易	",100,
199,"01L21801	",199,0,"交易	",199,
839.1,"01L24501	",839.1,0,"交易	",839.1,
129,"01L13701	",78.88,50.12,"交易	",79,
179,"01L22301	",129,50,"交易	",129,
598,"01L13501	",598,0,"交易	",598,
74,"01L13201	",74,0,"交易	",74,
30,"01L12801	",30,0,"交易	",30,
1477,"01L14001	",1477,0,"交易	",1477,
346,"01L32701	",346,0,"交易	",346,
49,"01L31101	",49,0,"交易	",49,
198,"01L10101	",198,0,"交易	",198,
237,"01L12301	",237,0,"交易	",237,
69,"01L23001	",68.88,0.12,"交易	",69,
39,"01L12301	",39,0,"交易	",39,
1118,"01L23501	",1118,0,"交易	",1118,
24.9,"01L12301	",24.9,0,"交易	",24.9,
369,"01L24001	",369,0,"交易	",369,
38.6,"01L12301	",38.6,0,"交易	",38.6,
89,"01L31101	",89,0,"交易	",89,
25,"01L13701	",25,0,"交易	",25,
228,"01L14001	",228,0,"交易	",228,
79,"01L22301	",79,0,"交易	",79,
328,"01L22301	",328,0,"交易	",328,
59,"01L20301	",59,0,"交易	",59,
54.9,"01L12301	",54.9,0,"交易	",54.9,
170.5,"01L12301	",170.5,0,"交易	",170.5,
527.8,"01L12301	",527.8,0,"交易	",527.8,
492.2,"01L12301	",432.2,60,"交易	",442.2,
159,"01L31101	",158.89,0.11,"交易	",159,
504.4,"01L24501	",504.4,0,"交易	",504.4,
-638,"01L12801	",0,0,"退款	",-638,
100,"01L24501	",40,60,"交易	",50,
9,"01L22301	",9,0,"交易	",9,
191,"01L20101	",191,0,"交易	",191,
737,"01L21001	",737,0,"交易	",737,
1163,"01L13501	",1163,0,"交易	",1163,
3140,"01L20901	",3140,0,"交易	",3140,
203,"01L23001	",203,0,"交易	",203,
638,"01L12801	",638,0,"交易	",638,
158,"01L21801	",158,0,"交易	",158,
71,"01L31301	",71,0,"交易	",71,
449,"01L13501	",449,0,"交易	",449,
99,"01L31301	",99,0,"交易	",99,
29.5,"01L12301	",29.5,0,"交易	",29.5,
117,"01L32701	",67,50,"交易	",67,
509,"01L12501	",508.89,0.11,"交易	",509,
426.9,"01L12301	",426.9,0,"交易	",426.9,
122,"01L32701	",71.88,50.12,"交易	",72,
328,"01L12801	",328,0,"交易	",328,
299,"01L13501	",299,0,"交易	",299,
428,"01L14001	",428,0,"交易	",428,
98,"01L12301	",98,0,"交易	",98,
640,"01L12801	",640,0,"交易	",640,
99,"01L31301	",99,0,"交易	",99,
100,"01L20101	",40,60,"交易	",50,
177,"01L32701	",126.87,50.13,"交易	",127,
103,"01L21801	",43,60,"交易	",53,
198,"01L12301	",198,0,"交易	",198,
149,"01L22301	",89,60,"交易	",99,
115,"01L21801	",55,60,"交易	",65,
449,"01L13501	",399,50,"交易	",399,
107,"01L22301	",47,60,"交易	",57,
147,"01L22301	",77,70,"交易	",97,
119,"01L13501	",119,0,"交易	",119,
188,"01L13701	",188,0,"交易	",188,
299,"01L13501	",298.88,0.12,"交易	",299,
199,"01L21601	",149,50,"交易	",149,
20,"01L12301	",19.89,0.11,"交易	",20,
582,"01L14001	",581.88,0.12,"交易	",582,
101.4,"01L32601	",40.68,60.72,"交易	",51.4,
59,"01L12301	",59,0,"交易	",59,
359,"01L12301	",359,0,"交易	",359,
967,"01L13501	",967,0,"交易	",967,
143.5,"01L12301	",143.5,0,"交易	",143.5,
898,"01L21601	",898,0,"交易	",898,
359,"01L21001	",359,0,"交易	",359,
131,"01L11501	",80.86,50.14,"交易	",81,
100,"01L12501	",100,0,"交易	",100,
703,"01L13501	",703,0,"交易	",703,
767,"01L13501	",767,0,"交易	",767,
419,"01L13501	",419,0,"交易	",419,
79,"01L12301	",79,0,"交易	",79,
69,"01L31101	",69,0,"交易	",69,
169,"01L12301	",169,0,"交易	",169,
29,"01L22301	",29,0,"交易	",29,
436,"01L22301	",436,0,"交易	",436,
1038,"01L23501	",1038,0,"交易	",1038,
263,"01L12301	",263,0,"交易	",263,
328,"01L14001	",328,0,"交易	",328,
149,"01L13501	",149,0,"交易	",149,
49,"01L13701	",49,0,"交易	",49,
790,"01L14001	",790,0,"交易	",790,
554,"01L13201	",554,0,"交易	",554,
329,"01L11501	",329,0,"交易	",329,
238,"01L21901	",238,0,"交易	",238,
189,"01L32601	",189,0,"交易	",189,
279,"01L20601	",279,0,"交易	",279,
295,"01L14001	",294.88,0.12,"交易	",295,
69,"01L31101	",68.85,0.15,"交易	",69,
139,"01L31101	",138.87,0.13,"交易	",139,
99,"01L21801	",99,0,"交易	",99,
550,"01L22601	",550,0,"交易	",550,
64,"01L32101	",64,0,"交易	",64,
105,"01L12301	",105,0,"交易	",105,
454,"01L20101	",454,0,"交易	",454,
109,"01L30801	",109,0,"交易	",109,
49,"01L23001	",49,0,"交易	",49,
100,"01L23001	",50,50,"交易	",50,
100,"01L23001	",50,50,"交易	",50,
130,"01L10701	",130,0,"交易	",130,
99,"01L21801	",99,0,"交易	",99,
105,"01L24001	",45,60,"交易	",55,
50,"01L12801	",50,0,"交易	",50,
188,"01L21201	",188,0,"交易	",188,
130,"01L12501	",130,0,"交易	",130,
217.8,"01L12301	",217.8,0,"交易	",217.8,
63,"01L20101	",62.87,0.13,"交易	",63,
287,"01L22301	",287,0,"交易	",287,
100,"01L20101	",39.86,60.14,"交易	",50,
100,"01L20101	",40,60,"交易	",50,
262,"01L21901	",262,0,"交易	",262,
150,"01L12501	",150,0,"交易	",150,
1010,"01L12801	",1010,0,"交易	",1010,
399,"01L24101	",399,0,"交易	",399,
258,"01L21201	",258,0,"交易	",258,
21.1,"01L32601	",20.95,0.15,"交易	",21.1,
69,"01L31301	",69,0,"交易	",69,
219,"01L13501	",219,0,"交易	",219,
279,"01L21201	",279,0,"交易	",279,
129,"01L31101	",129,0,"交易	",129,
239,"01L24501	",239,0,"交易	",239,
359,"01L12501	",359,0,"交易	",359,
25,"01L13701	",25,0,"交易	",25,
69,"01L31301	",69,0,"交易	",69,
293,"01L13201	",293,0,"交易	",293,
314,"01L21201	",314,0,"交易	",314,
130,"01L13701	",130,0,"交易	",130,
559,"01L21601	",558.89,0.11,"交易	",559,
99,"01L12301	",99,0,"交易	",99,
101.4,"01L32601	",91.4,10,"交易	",101.4,
208,"01L22301	",208,0,"交易	",208,
71,"01L21801	",71,0,"交易	",71,
168,"01L30801	",108,60,"交易	",118,
287,"01L20101	",287,0,"交易	",287,
10,"01L12301	",9.89,0.11,"交易	",10,
99,"01L31101	",99,0,"交易	",99,
240,"01L14001	",240,0,"交易	",240,
349,"01L13501	",349,0,"交易	",349,
100,"01L21901	",100,0,"交易	",100,
656,"01L14001	",656,0,"交易	",656,
90,"01L20301	",90,0,"交易	",90,
178.6,"01L12301	",178.6,0,"交易	",178.6,
96,"01L32101	",96,0,"交易	",96,
324,"01L20301	",324,0,"交易	",324,
559,"01L21601	",559,0,"交易	",559,
90,"01L20301	",90,0,"交易	",90,
373.8,"01L32601	",373.8,0,"交易	",373.8,
339,"01L30801	",339,0,"交易	",339,
219.7,"01L32601	",219.59,0.11,"交易	",219.7,
286.7,"01L24501	",286.7,0,"交易	",286.7,
100,"01L24501	",30,70,"交易	",50,
299,"01L21801	",238.87,60.13,"交易	",249,
466,"01L12501	",466,0,"交易	",466,
126.5,"01L13701	",76.36,50.14,"交易	",76.5,
85,"01L21801	",85,0,"交易	",85,
104,"01L13701	",44,60,"交易	",54,
59,"01L12301	",59,0,"交易	",59,
208,"01L12301	",208,0,"交易	",208,
16,"01L31101	",16,0,"交易	",16,
598,"01L13501	",547.87,50.13,"交易	",548,
99,"01L21801	",95.42,3.58,"交易	",99,
139,"01L13801	",139,0,"交易	",139,
116,"01L22301	",66,50,"交易	",66,
166,"01L32101	",156,10,"交易	",166,
435.1,"01L24501	",435.1,0,"交易	",435.1,
118.3,"01L32601	",118.15,0.15,"交易	",118.3,
673,"01L21001	",673,0,"交易	",673,
391.3,"01L13801	",391.3,0,"交易	",391.3,
434,"01L21801	",434,0,"交易	",434,
89,"01L32601	",89,0,"交易	",89,
368,"01L22301	",318,50,"交易	",318,
448,"01L13501	",447.88,0.12,"交易	",448,
289,"01L31301	",288.87,0.13,"交易	",289,
518,"01L20901	",518,0,"交易	",518,
594,"01L12801	",594,0,"交易	",594,
226,"01L20301	",226,0,"交易	",226,
386,"01L11501	",386,0,"交易	",386,
1088,"01L12801	",1087.86,0.14,"交易	",1088,
1038,"01L23501	",1038,0,"交易	",1038,
120,"01L12801	",120,0,"交易	",120,
99,"01L21801	",99,0,"交易	",99,
1023,"01L13501	",1023,0,"交易	",1023,
138,"01L12301	",78,60,"交易	",88,
641,"01L20801	",641,0,"交易	",641,
25,"01L13701	",25,0,"交易	",25,
2991,"01L31301	",2931,60,"交易	",2941,
131,"01L12301	",131,0,"交易	",131,
596,"01L13501	",596,0,"交易	",596,
89,"01L13701	",88.86,0.14,"交易	",89,
39,"01L12301	",39,0,"交易	",39,
95,"01L13701	",95,0,"交易	",95,
184,"01L12501	",124,60,"交易	",134,
134,"01L13501	",134,0,"交易	",134,
16,"01L13701	",16,0,"交易	",16,
150,"01L12501	",90,60,"交易	",100,
227,"01L12301	",226.87,0.13,"交易	",227,
992,"01L12501	",992,0,"交易	",992,
391,"01L20301	",391,0,"交易	",391,
59,"01L31101	",59,0,"交易	",59,
169,"01L13501	",169,0,"交易	",169,
159,"01L12301	",159,0,"交易	",159,
870.2,"01L24501	",870.2,0,"交易	",870.2,
1208,"01L20901	",1208,0,"交易	",1208,
298,"01L20301	",298,0,"交易	",298,
479.4,"01L24001	",479.4,0,"交易	",479.4,
512,"01L24001	",512,0,"交易	",512,
139,"01L12301	",139,0,"交易	",139,
192,"01L14001	",191.85,0.15,"交易	",192,
238.8,"01L24001	",238.8,0,"交易	",238.8,
305.2,"01L32601	",305.09,0.11,"交易	",305.2,
191.6,"01L32601	",191.6,0,"交易	",191.6,
310,"01L30801	",310,0,"交易	",310,
53,"01L31101	",53,0,"交易	",53,
273,"01L21901	",273,0,"交易	",273,
76,"01L12801	",75.85,0.15,"交易	",76,
59,"01L21901	",59,0,"交易	",59,
508,"01L20901	",507.88,0.12,"交易	",508,
340,"01L10701	",340,0,"交易	",340,
129.9,"01L24501	",79.75,50.15,"交易	",79.9,
187,"01L20301	",127,60,"交易	",137,
329,"01L31101	",329,0,"交易	",329,
119,"01L32101	",119,0,"交易	",119,
521.1,"01L13801	",520.97,0.13,"交易	",521.1,
4,"01L11501	",4,0,"交易	",4,
49,"01L22301	",49,0,"交易	",49,
11,"01L12301	",11,0,"交易	",11,
58.2,"01L12301	",58.2,0,"交易	",58.2,
25,"01L31101	",25,0,"交易	",25,
499,"01L13501	",499,0,"交易	",499,
170,"01L20801	",110,60,"交易	",120,
120.1,"01L12301	",120.1,0,"交易	",120.1,
25,"01L31101	",25,0,"交易	",25,
769,"01L23801	",769,0,"交易	",769,
399,"01L21601	",399,0,"交易	",399,
650,"01L20801	",649.86,0.14,"交易	",650,
199,"01L21801	",139,60,"交易	",149,
178,"01L13701	",118,60,"交易	",128,
168,"01L30801	",168,0,"交易	",168,
559,"01L13801	",558.88,0.12,"交易	",559,
150,"01L12501	",89.89,60.11,"交易	",100,
199,"01L24101	",149,50,"交易	",149,
200,"01L24101	",130,70,"交易	",150,
196,"01L26601	",196,0,"交易	",196,
346.3,"01L32601	",346.18,0.12,"交易	",346.3,
168,"01L20101	",168,0,"交易	",168,
284,"01L21801	",283.89,0.11,"交易	",284,
228,"01L14001	",228,0,"交易	",228,
187,"01L20301	",127,60,"交易	",137,
53.4,"01L32601	",53.26,0.14,"交易	",53.4,
328.2,"01L32601	",328.2,0,"交易	",328.2,
618,"01L12501	",617.88,0.12,"交易	",618,
490,"01L14001	",430,60,"交易	",440,
100,"01L20301	",40,60,"交易	",50,
628,"01L21201	",628,0,"交易	",628,
318,"01L12301	",317.86,0.14,"交易	",318,
183,"01L11501	",123,60,"交易	",133,
200,"01L13701	",140,60,"交易	",150,
78,"01L13701	",78,0,"交易	",78,
700,"01L21901	",700,0,"交易	",700,
160,"01L13701	",100,60,"交易	",110,
150,"01L20801	",90,60,"交易	",100,
189,"01L22301	",189,0,"交易	",189,
288,"01L32701	",288,0,"交易	",288,
230,"01L20101	",230,0,"交易	",230,
299,"01L21001	",299,0,"交易	",299,
400,"01L13701	",340,60,"交易	",350,
129,"01L13701	",58.85,70.15,"交易	",79,
269,"01L23901	",269,0,"交易	",269,
329,"01L11501	",319,10,"交易	",329,
463,"01L13801	",463,0,"交易	",463,
59,"01L31101	",59,0,"交易	",59,
1821,"01L23501	",1821,0,"交易	",1821,
68,"01L26601	",68,0,"交易	",68,
335,"01L14001	",284.85,50.15,"交易	",285,
124.5,"01L12301	",124.37,0.13,"交易	",124.5,
279,"01L20601	",279,0,"交易	",279,
436,"01L13501	",436,0,"交易	",436,
346,"01L21801	",285.5,60.5,"交易	",296,
574,"01L20101	",573.86,0.14,"交易	",574,
198,"01L22301	",198,0,"交易	",198,
1407,"01L20901	",1406.89,0.11,"交易	",1407,
79,"01L12301	",79,0,"交易	",79,
100,"01L24501	",40,60,"交易	",50,
60,"01L24501	",60,0,"交易	",60,
191,"01L20101	",190.85,0.15,"交易	",191,
54.1,"01L24501	",53.99,0.11,"交易	",54.1,
199,"01L21901	",199,0,"交易	",199,
199,"01L12301	",199,0,"交易	",199,
418,"01L13501	",418,0,"交易	",418,
65,"01L31101	",65,0,"交易	",65,
100,"01L31301	",39.86,60.14,"交易	",50,
260,"01L13201	",260,0,"交易	",260,
6116,"01L10101	",6115.86,0.14,"交易	",6116,
316,"01L12501	",316,0,"交易	",316,
440,"01L13201	",440,0,"交易	",440,
690,"01L13201	",690,0,"交易	",690,
386,"01L20801	",336,50,"交易	",336,
25,"01L13701	",25,0,"交易	",25,
228,"01L22301	",228,0,"交易	",228,
19,"01L12301	",19,0,"交易	",19,
79,"01L31101	",79,0,"交易	",79,
902,"01L10701	",902,0,"交易	",902,
909,"01L20801	",848.85,60.15,"交易	",859,
431,"01L12501	",431,0,"交易	",431,
112,"01L30801	",62,50,"交易	",62,
464.1,"01L24501	",414.1,50,"交易	",414.1,
266.1,"01L32601	",266.1,0,"交易	",266.1,
249,"01L22601	",249,0,"交易	",249,
559,"01L21601	",509,50,"交易	",509,
278,"01L12301	",277.88,0.12,"交易	",278,
149,"01L20301	",148.85,0.15,"交易	",149,
440,"01L10701	",440,0,"交易	",440,
94,"01L13201	",93.86,0.14,"交易	",94,
339,"01L24001	",339,0,"交易	",339,
355.2,"01L12301	",355.2,0,"交易	",355.2,
499,"01L13501	",499,0,"交易	",499,
257,"01L20301	",257,0,"交易	",257,
249,"01L13501	",199,50,"交易	",199,
1156,"01L10701	",1156,0,"交易	",1156,
1545,"01L10701	",1545,0,"交易	",1545,
79,"01L22301	",78.85,0.15,"交易	",79,
338,"01L22301	",338,0,"交易	",338,
39,"01L31301	",39,0,"交易	",39,
349,"01L13501	",349,0,"交易	",349,
118.3,"01L32601	",118.3,0,"交易	",118.3,
25,"01L31101	",25,0,"交易	",25,
249,"01L13501	",249,0,"交易	",249,
129,"01L31901	",128.87,0.13,"交易	",129,
328,"01L14001	",328,0,"交易	",328,
